"carrera","frase"
"Sin Area","No lo sé"
"Sin Area","No tengo idea"
"Sin Area","No estoy seguro"
"Sin Area","No podría decirte"
"Sin Area","No recuerdo eso"
"Sin Area","No me acuerdo"
"Sin Area","No tengo ni idea"
"Sin Area","No sabría decirte"
"Sin Area","No estoy convencido"
"Sin Area","No estoy seguro de eso"
"Sin Area","No tengo la menor idea"
"Sin Area","No me siento capacitado"
"Sin Area","No creo que pueda hacerlo"
"Sin Area","No tengo la experiencia necesaria"
"Sin Area","No cuento con las habilidades"
"Sin Area","No sé cómo responder"
"Sin Area","No puedo decidirme"
"Sin Area","No tengo conocimientos sobre eso"
"Sin Area","No me siento competente"
"Sin Area","No tengo la capacidad para eso"
"Sin Area","No tengo la información suficiente"
"Sin Area","No puedo determinar una respuesta"
"Sin Area","No me veo capaz de hacerlo"
"Sin Area","No tengo la formación necesaria"
"Sin Area","No estoy capacitado para responder"
"Sin Area","No creo tener la habilidad requerida"
"Sin Area","No tengo la certeza necesaria"
"Sin Area","No puedo hacerlo por el momento"
"Sin Area","No tengo los conocimientos necesarios"
"Sin Area","No siento que pueda hacerlo"
"Sin Area","No tengo la confianza suficiente"
"Sin Area","No puedo dar una respuesta clara"
"Sin Area","No tengo la habilidad para eso"
"Sin Area","No tengo una respuesta definitiva"
"Sin Area","No puedo responder adecuadamente"
"Sin Area","No tengo la competencia necesaria"
"Sin Area","No puedo llegar a una conclusión"
"Sin Area","No tengo suficiente información"
"Sin Area","No tengo la aptitud requerida"
"Sin Area","No puedo tomar una decisión ahora"
"Sin Area","No tengo los recursos necesarios"
"Sin Area","No me siento capaz de hacerlo"
"Sin Area","No tengo la experiencia suficiente"
"Sin Area","No puedo afirmar nada con certeza"
"Sin Area","No tengo la capacidad para responder"
"Sin Area","No sé si pueda hacerlo"
"Sin Area","No estoy seguro de mis habilidades"
"Sin Area","No tengo el conocimiento adecuado"
"Sin Area","No puedo decirte con exactitud"
"Sin Area","No tengo suficiente confianza"
"Sin Area","No puedo dar una respuesta precisa"
"Sin Area","No sé qué debería hacer"
"Sin Area","No tengo los medios para hacerlo"
"Sin Area","No tengo la experiencia requerida"
"Sin Area","No puedo tomar una decisión clara"
"Sin Area","No tengo las habilidades necesarias"
"Sin Area","No puedo recordar la información"
"Sin Area","No sé si soy capaz de hacerlo"
"Sin Area","No tengo la seguridad necesaria"
"Sin Area","No puedo determinar si es posible"
"Sin Area","No tengo la destreza requerida"
"Sin Area","No sé si puedo lograrlo"
"Sin Area","No tengo la respuesta correcta"
"Sin Area","No puedo responder de manera adecuada"
"Sin Area","No sé qué camino tomar"
"Sin Area","No tengo la competencia suficiente"
"Sin Area","No puedo afirmar nada al respecto"
"Sin Area","No sé si es posible hacerlo"
"Sin Area","No tengo la habilidad necesaria"
"Sin Area","No puedo dar una respuesta definitiva"
"Sin Area","No sé qué debería decir"
"Sin Area","No tengo la preparación necesaria"
"Sin Area","No puedo tomar una decisión ahora mismo"
"Sin Area","No tengo suficiente información para decidir"
"Sin Area","No sé si soy capaz de hacerlo bien"
"Sin Area","No tengo la certeza de mi respuesta"
"Sin Area","No puedo decirte con certeza absoluta"
"Sin Area","No sé si puedo hacerlo correctamente"
"Sin Area","No tengo la suficiente confianza en mi respuesta"
"Sin Area","No puedo recordar exactamente la información"
"Sin Area","No sé si tengo las habilidades requeridas"
"Sin Area","No tengo la experiencia o conocimientos necesarios"
"Sin Area","No puedo tomar una decisión con seguridad"
"Sin Area","No sé si es viable llevarlo a cabo"
"Sin Area","No tengo la capacidad para responder adecuadamente"
"Sin Area","No puedo dar una respuesta precisa en este momento"
"Sin Area","No sé qué camino seguir para resolverlo"
"Sin Area","No tengo la competencia o aptitud necesaria"
"Sin Area","No puedo afirmar con total seguridad"
"Sin Area","No sé si seré capaz de hacerlo correctamente"
"Sin Area","No tengo la seguridad de poder lograrlo"
"Sin Area","No puedo determinar si es la opción correcta"
"Sin Area","No sé si puedo lograrlo con éxito"
"Sin Area","No tengo la respuesta definitiva que buscas"
"Sin Area","No puedo responder de manera precisa"
"Sin Area","No sé qué decir en este caso"
"Sin Area","No tengo la preparación o experiencia necesaria"
"Sin Area","No puedo tomar una decisión en este momento"
"Sin Area","No tengo suficiente información para dar una respuesta"
"Sin Area","No sé si seré capaz de hacerlo bien"
"Sin Area","No tengo la certeza absoluta de mi respuesta"
"Sin Area","No puedo decirte con total certeza"
"Sin Area","No sé si puedo hacerlo de manera correcta"
"Sin Area","No tengo la confianza suficiente en mi respuesta"
"Sin Area","No puedo recordar toda la información necesaria"
"Sin Area","No sé si tengo las habilidades suficientes"
"Sin Area","No tengo la experiencia o conocimientos suficientes"
"Sin Area","No puedo tomar una decisión con total seguridad"
"Sin Area","No sé si es posible realizarlo"
"Sin Area","No tengo la capacidad para responder en este momento"
"Sin Area","No puedo dar una respuesta precisa ahora"
"Sin Area","No sé qué camino tomar para solucionarlo"
"Sin Area","No tengo la competencia o aptitud requerida"
"Sin Area","No puedo afirmar con total certeza"
"Sin Area","No sé si podré hacerlo correctamente"
"Sin Area","No tengo la seguridad de poder lograrlo con éxito"
"Sin Area","No puedo determinar si es la mejor opción"
"Sin Area","No sé si puedo lograrlo de manera exitosa"
"Sin Area","No tengo la respuesta definitiva que estás buscando"
"Sin Area","No puedo responder de manera exacta"
"Sin Area","No sé qué decir en esta situación"
"Sin Area","No tengo la preparación o experiencia suficiente"
"Sin Area","No puedo tomar una decisión definitiva en este momento"
"Sin Area","No tengo suficiente información para responder con certeza"
"Sin Area","No sé si seré capaz de hacerlo correctamente"
"Sin Area","No tengo la certeza absoluta de mi respuesta en este caso"
"Sin Area","No puedo decirte con total certeza absoluta"
"Sin Area","No sé si puedo hacerlo de manera adecuada"
"Sin Area","No tengo la confianza suficiente en mi respuesta actual"
"Sin Area","No puedo recordar todos los detalles necesarios"
"Sin Area","No sé si tengo las habilidades requeridas para hacerlo"
"Sin Area","No tengo la experiencia o conocimientos suficientes para resolverlo"
"Sin Area","No puedo tomar una decisión con total seguridad en este momento"
"Sin Area","No sé si es posible llevar a cabo esta acción"
"Sin Area","No tengo la capacidad para responder adecuadamente en este instante"
"Sin Area","No puedo dar una respuesta precisa en este momento"
"Sin Area","No sé qué camino seguir para solucionar esta cuestión"
"Sin Area","No tengo la competencia o aptitud requerida para responder"
"Sin Area","No puedo afirmar con total certeza en este momento"
"Sin Area","No sé si podré hacerlo de manera correcta"
"Sin Area","No tengo la seguridad de poder lograrlo con éxito en esta situación"
"Sin Area","No puedo determinar si es la opción más acertada"
"Sin Area","No sé si puedo lograrlo de manera exitosa en este caso"
"Sin Area","No tengo la respuesta definitiva que buscas en este momento"
"Sin Area","No puedo responder de manera exacta ahora mismo"
"Sin Area","No sé qué decir en esta ocasión"
"Sin Area","No tengo la preparación o experiencia necesaria para esto"
"Sin Area","No puedo tomar una decisión definitiva ahora mismo"
"Sin Area","No tengo suficiente información para responder con certeza absoluta"
"Sin Area","No sé si seré capaz de hacerlo correctamente en esta circunstancia"
"Sin Area","No tengo la certeza absoluta de mi respuesta en esta situación"
"Sin Area","No puedo decirte con total certeza absoluta en este caso"
"Sin Area","No sé si puedo hacerlo de manera adecuada en este contexto"
"Sin Area","No tengo la confianza suficiente en mi respuesta actualmente"
"Sin Area","No puedo recordar todos los detalles necesarios en este momento"
"Sin Area","No sé si tengo las habilidades requeridas para hacerlo bien"
"Sin Area","No puedo tomar una decisión con total seguridad en este instante"
"Sin Area","No sé si es posible llevar a cabo esta acción de manera efectiva"
"Sin Area","No tengo la capacidad para responder adecuadamente en este instante"
"Sin Area","No puedo dar una respuesta precisa ahora mismo"
"Sin Area","No puedo afirmar con total certeza en este momento"
"Sin Area","No sé si podré hacerlo de manera correcta en este caso"
"Sin Area","No puedo determinar si es la opción más acertada en este momento"
"Sin Area","No sé si puedo lograrlo de manera exitosa en esta ocasión"
"Sin Area","No tengo la respuesta definitiva que buscas en este instante"
"Sin Area","No puedo responder de manera exacta en este momento"
"Sin Area","No sé qué decir en esta situación particular"
"Sin Area","No tengo la preparación o experiencia necesaria para esto ahora"
"Sin Area","No puedo tomar una decisión definitiva en este momento preciso"
"Sin Area","No puedo dar una respuesta precisa ahora mismo en este caso"
"Sin Area","No puedo afirmar con total certeza en este momento específico"
"Sin Area","No puedo responder de manera exacta en este momento específico"
"Sin Area","No sé qué decir en esta situación particular actual"
"Lengua Extranjera","soy bueno en la enseñanza de idiomas"
"Lengua Extranjera","me gusta aprender sobre diferentes culturas"
"Lengua Extranjera","disfruto enseñando gramática y vocabulario"
"Lengua Extranjera","me gusta ayudar a otros a mejorar su fluidez"
"Lengua Extranjera","soy hábil en la traducción de textos"
"Lengua Extranjera","me interesa la literatura en diferentes idiomas"
"Lengua Extranjera","disfruto practicando conversaciones en el idioma extranjero"
"Lengua Extranjera","me gusta estudiar fonética y pronunciación"
"Lengua Extranjera","soy bueno interpretando expresiones culturales"
"Lengua Extranjera","me gusta viajar para mejorar mis habilidades lingüísticas"
"Lengua Extranjera","disfruto investigando sobre la adquisición del lenguaje"
"Lengua Extranjera","soy hábil en la redacción de textos en el idioma extranjero"
"Lengua Extranjera","me gusta la enseñanza de idiomas en línea"
"Lengua Extranjera","me gusta aprender vocabulario específico de distintas áreas"
"Lengua Extranjera","soy bueno organizando actividades lúdicas para aprender idiomas"
"Lengua Extranjera","disfruto practicando la interpretación simultánea"
"Lengua Extranjera","me interesa la sociolingüística y la variación lingüística"
"Lengua Extranjera","soy hábil en la enseñanza de gramática comparada"
"Lengua Extranjera","me gusta utilizar recursos multimedia para la enseñanza"
"Lengua Extranjera","disfruto explorando la literatura clásica en otros idiomas"
"Lengua Extranjera","soy gustado de la fonología y morfología lingüística"
"Lengua Extranjera","me gusta participar en intercambios lingüísticos"
"Lengua Extranjera","soy bueno explicando la sintaxis de oraciones complejas"
"Lengua Extranjera","me interesa el uso de la tecnología en la enseñanza de idiomas"
"Lengua Extranjera","disfruto aprendiendo sobre la cultura de los países de habla extranjera"
"Lengua Extranjera","soy hábil en la corrección de errores gramaticales"
"Lengua Extranjera","me gusta utilizar juegos didácticos para enseñar vocabulario"
"Lengua Extranjera","me gusta la literatura contemporánea en otros idiomas"
"Lengua Extranjera","disfruto explorando el origen y evolución de los idiomas"
"Lengua Extranjera","soy bueno en la interpretación de textos escritos"
"Lengua Extranjera","me interesa la psicolingüística y la adquisición de segundas lenguas"
"Lengua Extranjera","me gusta aprender sobre la historia de los idiomas"
"Lengua Extranjera","soy hábil en la enseñanza de pronunciación y entonación"
"Lengua Extranjera","disfruto practicando la traducción simultánea"
"Lengua Extranjera","me gusta estudiar la diversidad lingüística del mundo"
"Lengua Extranjera","me gusta enseñar expresiones idiomáticas y modismos"
"Lengua Extranjera","soy bueno en la preparación de materiales didácticos"
"Lengua Extranjera","disfruto participando en programas de intercambio cultural"
"Lengua Extranjera","me interesa la enseñanza de lenguas a niños y adolescentes"
"Lengua Extranjera","soy hábil en la evaluación del nivel de dominio de un idioma"
"Lengua Extranjera","me gusta aprender sobre la evolución de la escritura en diferentes lenguas"
"Lengua Extranjera","disfruto practicando la interpretación consecutiva"
"Lengua Extranjera","soy gustado de la gramática histórica y comparada"
"Lengua Extranjera","me gusta enseñar expresiones culturales y costumbres de otros países"
"Lengua Extranjera","me interesa la enseñanza de segundas lenguas a través del juego"
"Lengua Extranjera","soy bueno en la adaptación de materiales para distintos niveles de aprendizaje"
"Lengua Extranjera","me gusta estudiar las características de las lenguas en contacto"
"Lengua Extranjera","me gusta enseñar estrategias de aprendizaje autónomo de idiomas"
"Lengua Extranjera","soy hábil en la enseñanza de habilidades comunicativas en el idioma extranjero"
"Lengua Extranjera","disfruto explorando la tradición oral en diferentes culturas"
"Lengua Extranjera","me interesa la enseñanza de lenguas para fines específicos"
"Lengua Extranjera","soy gustado de la sociolingüística educativa"
"Lengua Extranjera","me gusta enseñar estrategias de comprensión lectora en otros idiomas"
"Lengua Extranjera","me interesa la enseñanza de lenguas a través de la música"
"Lengua Extranjera","disfruto participando en proyectos de promoción de la diversidad lingüística"
"Lengua Extranjera","me gusta estudiar la lingüística aplicada a la enseñanza de idiomas"
"Lengua Extranjera","me gusta enseñar estrategias de comunicación intercultural"
"Lengua Extranjera","soy hábil en la enseñanza de lenguas en contextos de inmersión"
"Lengua Extranjera","disfruto explorando la literatura infantil en otros idiomas"
"Lengua Extranjera","me interesa la enseñanza de lenguas a través del cine"
"Lengua Extranjera","soy gustado de la enseñanza de lenguas a través de la tecnología"
"Lengua Extranjera","me gusta enseñar estrategias de producción escrita en otros idiomas"
"Lengua Extranjera","me interesa la lingüística de corpus aplicada a la enseñanza de idiomas"
"Lengua Extranjera","soy bueno en la enseñanza de lenguas para el turismo y la hospitalidad"
"Lengua Extranjera","me gusta estudiar la adquisición de segundas lenguas en niños"
"Lengua Extranjera","me gusta enseñar técnicas de aprendizaje acelerado de idiomas"
"Lengua Extranjera","soy hábil en la enseñanza de lenguas en contextos de migración"
"Lengua Extranjera","disfruto explorando la literatura clásica en otros idiomas"
"Lengua Extranjera","me interesa la enseñanza de lenguas para fines profesionales"
"Lengua Extranjera","me gusta enseñar estrategias de comunicación en situaciones de negocios"
"Lengua Extranjera","soy gustado de la enseñanza de lenguas a través del arte"
"Lengua Extranjera","me gusta aprender sobre la influencia de las lenguas en el pensamiento"
"Lengua Extranjera","soy bueno en la enseñanza de lenguas a través de juegos de rol"
"Lengua Extranjera","disfruto participando en proyectos de revitalización de lenguas minoritarias"
"Lengua Extranjera","me gusta estudiar la lingüística contrastiva en la enseñanza de idiomas"
"Lengua Extranjera","me gusta enseñar estrategias de comprensión auditiva en otros idiomas"
"Lengua Extranjera","soy hábil en la enseñanza de lenguas para fines académicos"
"Lengua Extranjera","disfruto explorando la literatura contemporánea en otros idiomas"
"Lengua Extranjera","me interesa la enseñanza de lenguas a través de la gastronomía"
"Lengua Extranjera","soy gustado de la enseñanza de lenguas a través de la literatura clásica"
"Lengua Extranjera","me gusta enseñar técnicas de pronunciación en otros idiomas"
"Lengua Extranjera","me interesa la enseñanza de lenguas a través del teatro"
"Lengua Extranjera","disfruto practicando la traducción de textos literarios"
"Lengua Extranjera","soy bueno en la enseñanza de lenguas en contextos de negocios internacionales"
"Lengua Extranjera","me gusta estudiar la interferencia lingüística en la enseñanza de idiomas"
"Lengua Extranjera","me gusta enseñar estrategias de comunicación en contextos turísticos"
"Lengua Extranjera","disfruto explorando la literatura feminista en otros idiomas"
"Lengua Extranjera","me interesa la enseñanza de lenguas a través de la música popular"
"Lengua Extranjera","me gusta enseñar técnicas de comprensión lectora en otros idiomas"
"Lengua Extranjera","soy gustado de la enseñanza de lenguas a través de la historia"
"Lengua Extranjera","disfruto participando en proyectos de revitalización de lenguas indígenas"
"Lengua Extranjera","me gusta estudiar la enseñanza de lenguas a través del cine"
"Lengua Extranjera","soy bueno en la enseñanza de lenguas en contextos de turismo sostenible"
"Lengua Extranjera","disfruto explorando la literatura de ciencia ficción en otros idiomas"
"Lengua Extranjera","me interesa la enseñanza de lenguas a través de la danza"
"Estudios Políticos y Gobierno","me gusta analizar políticas públicas"
"Estudios Políticos y Gobierno","soy bueno interpretando datos electorales"
"Estudios Políticos y Gobierno","me gusta investigar sistemas políticos"
"Estudios Políticos y Gobierno","disfruto estudiando teorías políticas"
"Estudios Políticos y Gobierno","soy hábil en el análisis de políticas comparadas"
"Estudios Políticos y Gobierno","me gusta el estudio de relaciones internacionales"
"Estudios Políticos y Gobierno","me gusta investigar la historia política"
"Estudios Políticos y Gobierno","disfruto estudiando la opinión pública"
"Estudios Políticos y Gobierno","soy bueno analizando conflictos políticos"
"Estudios Políticos y Gobierno","me gusta el derecho y su relación con la política"
"Estudios Políticos y Gobierno","me gusta estudiar la gobernanza y políticas de desarrollo"
"Estudios Políticos y Gobierno","disfruto investigando la toma de decisiones políticas"
"Estudios Políticos y Gobierno","soy hábil en el análisis de políticas sociales"
"Estudios Políticos y Gobierno","me gusta el estudio de movimientos políticos"
"Estudios Políticos y Gobierno","me gusta investigar sistemas de gobierno"
"Estudios Políticos y Gobierno","disfruto estudiando procesos de democratización"
"Estudios Políticos y Gobierno","soy bueno en el análisis de políticas de seguridad"
"Estudios Políticos y Gobierno","me gusta el estudio de partidos políticos"
"Estudios Políticos y Gobierno","me gusta investigar políticas de igualdad y equidad"
"Estudios Políticos y Gobierno","disfruto estudiando relaciones diplomáticas"
"Estudios Políticos y Gobierno","soy hábil en el análisis de política económica"
"Estudios Políticos y Gobierno","me gusta el estudio de procesos electorales"
"Estudios Políticos y Gobierno","me gusta investigar políticas medioambientales"
"Estudios Políticos y Gobierno","disfruto estudiando sistemas de partidos"
"Estudios Políticos y Gobierno","soy bueno en el análisis de políticas migratorias"
"Estudios Políticos y Gobierno","me gusta el estudio de liderazgo político"
"Estudios Políticos y Gobierno","me gusta investigar políticas de educación"
"Estudios Políticos y Gobierno","disfruto estudiando políticas de salud"
"Estudios Políticos y Gobierno","soy hábil en el análisis de política internacional"
"Estudios Políticos y Gobierno","me gusta el estudio de procesos de negociación política"
"Estudios Políticos y Gobierno","me gusta investigar políticas de bienestar social"
"Estudios Políticos y Gobierno","disfruto estudiando sistemas electorales"
"Estudios Políticos y Gobierno","soy bueno en el análisis de políticas de desarrollo"
"Estudios Políticos y Gobierno","me gusta el estudio de procesos de cambio político"
"Estudios Políticos y Gobierno","me gusta investigar políticas de género"
"Estudios Políticos y Gobierno","disfruto estudiando políticas públicas locales"
"Estudios Políticos y Gobierno","soy hábil en el análisis de política comparada"
"Estudios Políticos y Gobierno","me gusta el estudio de procesos de transformación social"
"Estudios Políticos y Gobierno","me gusta investigar políticas de participación ciudadana"
"Estudios Políticos y Gobierno","disfruto estudiando procesos de construcción de paz"
"Estudios Políticos y Gobierno","soy bueno en el análisis de políticas de cooperación internacional"
"Estudios Políticos y Gobierno","me gusta el estudio de procesos de democratización"
"Estudios Políticos y Gobierno","me gusta investigar políticas de desarrollo sostenible"
"Estudios Políticos y Gobierno","disfruto estudiando procesos de integración regional"
"Estudios Políticos y Gobierno","soy hábil en el análisis de políticas de seguridad nacional"
"Estudios Políticos y Gobierno","me gusta el estudio de procesos de gobernanza global"
"Estudios Políticos y Gobierno","me gusta investigar políticas de derechos humanos"
"Estudios Políticos y Gobierno","disfruto estudiando procesos de transición democrática"
"Estudios Políticos y Gobierno","soy bueno en el análisis de políticas públicas de educación"
"Estudios Políticos y Gobierno","me gusta el estudio de procesos de construcción de identidad política"
"Estudios Políticos y Gobierno","me gusta investigar políticas de inclusión social"
"Estudios Políticos y Gobierno","disfruto estudiando procesos de integración económica"
"Estudios Políticos y Gobierno","soy hábil en el análisis de políticas de igualdad de género"
"Estudios Políticos y Gobierno","me gusta el estudio de procesos de descentralización política"
"Estudios Políticos y Gobierno","me gusta investigar políticas de protección ambiental"
"Estudios Políticos y Gobierno","disfruto estudiando procesos de negociación de conflictos"
"Estudios Políticos y Gobierno","soy bueno en el análisis de políticas de salud pública"
"Estudios Políticos y Gobierno","me gusta el estudio de procesos de construcción de paz"
"Estudios Políticos y Gobierno","me gusta investigar políticas de desarrollo económico"
"Estudios Políticos y Gobierno","disfruto estudiando procesos de integración política"
"Estudios Políticos y Gobierno","soy hábil en el análisis de políticas de seguridad ciudadana"
"Estudios Políticos y Gobierno","me gusta el estudio de procesos de cambio social"
"Estudios Políticos y Gobierno","me gusta investigar políticas de participación política"
"Estudios Políticos y Gobierno","disfruto estudiando procesos de construcción de identidad nacional"
"Estudios Políticos y Gobierno","soy bueno en el análisis de políticas de desarrollo social"
"Estudios Políticos y Gobierno","me gusta el estudio de procesos de democratización política"
"Estudios Políticos y Gobierno","me gusta investigar políticas de inclusión educativa"
"Estudios Políticos y Gobierno","disfruto estudiando procesos de cooperación internacional"
"Estudios Políticos y Gobierno","soy hábil en el análisis de políticas de igualdad social"
"Estudios Políticos y Gobierno","me gusta el estudio de procesos de descentralización económica"
"Estudios Políticos y Gobierno","me gusta investigar políticas de protección social"
"Estudios Políticos y Gobierno","disfruto estudiando procesos de transformación política"
"Estudios Políticos y Gobierno","soy bueno en el análisis de políticas de desarrollo humano"
"Estudios Políticos y Gobierno","me gusta el estudio de procesos de construcción de democracia"
"Estudios Políticos y Gobierno","me gusta investigar políticas de derechos civiles"
"Estudios Políticos y Gobierno","disfruto estudiando procesos de protección del medio ambiente"
"Estudios Políticos y Gobierno","soy hábil en el análisis de políticas de seguridad nacional"
"Estudios Políticos y Gobierno","me gusta el estudio de procesos de gobernanza global"
"Estudios Políticos y Gobierno","me gusta investigar políticas de derechos humanos"
"Estudios Políticos y Gobierno","disfruto estudiando procesos de transición democrática"
"Estudios Políticos y Gobierno","soy bueno en el análisis de políticas públicas de educación"
"Estudios Políticos y Gobierno","me gusta el estudio de procesos de construcción de identidad política"
"Estudios Políticos y Gobierno","me gusta investigar políticas de inclusión social"
"Estudios Políticos y Gobierno","disfruto estudiando procesos de integración económica"
"Estudios Políticos y Gobierno","soy hábil en el análisis de políticas de igualdad de género"
"Estudios Políticos y Gobierno","me gusta el estudio de procesos de descentralización política"
"Estudios Políticos y Gobierno","me gusta investigar políticas de protección ambiental"
"Estudios Políticos y Gobierno","disfruto estudiando procesos de negociación de conflictos"
"Estudios Políticos y Gobierno","soy bueno en el análisis de políticas de salud pública"
"Estudios Políticos y Gobierno","me gusta el estudio de procesos de construcción de paz"
"Estudios Políticos y Gobierno","me gusta investigar políticas de desarrollo económico"
"Estudios Políticos y Gobierno","disfruto estudiando procesos de integración política"
"Estudios Políticos y Gobierno","soy hábil en el análisis de políticas de seguridad ciudadana"
"Estudios Políticos y Gobierno","me gusta el estudio de procesos de cambio social"
"Estudios Políticos y Gobierno","me gusta investigar políticas de participación política"
"Estudios Políticos y Gobierno","disfruto estudiando procesos de construcción de identidad nacional"
"Estudios Políticos y Gobierno","soy bueno en el análisis de políticas de desarrollo social"
"Estudios Políticos y Gobierno","me gusta el estudio de procesos de democratización política"
"Estudios Políticos y Gobierno","me gusta investigar políticas de inclusión educativa"
"Estudios Políticos y Gobierno","disfruto estudiando procesos de cooperación internacional"
"Filosofía","me gusta el pensamiento crítico"
"Filosofía","soy bueno analizando argumentos filosóficos"
"Filosofía","me gusta reflexionar sobre la existencia humana"
"Filosofía","disfruto estudiando la historia de la filosofía"
"Filosofía","soy hábil identificando falacias lógicas"
"Filosofía","me gusta el estudio de la ética y la moral"
"Filosofía","me gusta explorar la metafísica y la ontología"
"Filosofía","soy bueno interpretando textos filosóficos clásicos"
"Filosofía","me siento cómodo debatiendo sobre temas abstractos"
"Filosofía","disfruto analizando las teorías del conocimiento"
"Filosofía","me gusta la filosofía política y social"
"Filosofía","soy hábil interpretando los pensamientos de los filósofos"
"Filosofía","me gusta reflexionar sobre la naturaleza de la mente"
"Filosofía","disfruto estudiando la lógica formal y simbólica"
"Filosofía","me gusta el estudio de la estética y el arte"
"Filosofía","soy bueno analizando la filosofía de la ciencia"
"Filosofía","me gusta explorar la filosofía oriental y occidental"
"Filosofía","soy hábil en el análisis de los sistemas filosóficos"
"Filosofía","me siento cómodo discutiendo sobre la verdad y la realidad"
"Filosofía","disfruto investigando la filosofía de la mente y el cerebro"
"Filosofía","me gusta la hermenéutica y la interpretación"
"Filosofía","me gusta reflexionar sobre la libertad y la responsabilidad"
"Filosofía","soy bueno en el estudio de la filosofía moral"
"Filosofía","me gusta la epistemología y la teoría del conocimiento"
"Filosofía","disfruto analizando la filosofía de la religión"
"Filosofía","me gusta explorar la filosofía existencialista"
"Filosofía","soy hábil en la crítica filosófica de la sociedad"
"Filosofía","me siento cómodo debatiendo sobre la realidad y la ilusión"
"Filosofía","disfruto estudiando la filosofía antigua y medieval"
"Filosofía","me gusta el pensamiento filosófico contemporáneo"
"Filosofía","me gusta reflexionar sobre la naturaleza de la verdad"
"Filosofía","soy bueno analizando las teorías éticas clásicas"
"Filosofía","me gusta la filosofía de la mente y la conciencia"
"Filosofía","disfruto investigando la filosofía política y económica"
"Filosofía","me gusta explorar la filosofía de la ciencia y la tecnología"
"Filosofía","soy hábil en el análisis de la filosofía de la mente y el lenguaje"
"Filosofía","me siento cómodo discutiendo sobre la naturaleza del ser"
"Filosofía","disfruto estudiando las corrientes filosóficas contemporáneas"
"Filosofía","me gusta la filosofía de la política y el poder"
"Filosofía","me gusta reflexionar sobre la identidad y la individualidad"
"Filosofía","soy bueno analizando las teorías estéticas modernas"
"Filosofía","me gusta la filosofía de la mente y la cognición"
"Filosofía","disfruto investigando la filosofía social y cultural"
"Filosofía","me gusta explorar la filosofía de la mente y el cuerpo"
"Filosofía","soy hábil en el análisis de la filosofía de la religión"
"Filosofía","me siento cómodo discutiendo sobre la teoría de la verdad"
"Filosofía","disfruto estudiando las corrientes filosóficas clásicas"
"Filosofía","me gusta la filosofía política y la justicia social"
"Filosofía","me gusta reflexionar sobre la naturaleza del conocimiento"
"Filosofía","soy bueno analizando las teorías éticas contemporáneas"
"Filosofía","me gusta la filosofía de la mente y la percepción"
"Filosofía","disfruto investigando la filosofía de la mente y el ser"
"Filosofía","me gusta explorar la filosofía de la ciencia y la naturaleza"
"Filosofía","soy hábil en el análisis de la filosofía de la mente y la realidad"
"Filosofía","me siento cómodo discutiendo sobre la ética y el deber"
"Filosofía","disfruto estudiando las corrientes filosóficas contemporáneas"
"Filosofía","me gusta la filosofía política y la democracia"
"Filosofía","me gusta reflexionar sobre la naturaleza de la razón"
"Filosofía","soy bueno analizando las teorías estéticas clásicas"
"Filosofía","me gusta la filosofía de la mente y la mente-cuerpo"
"Filosofía","disfruto investigando la filosofía moral y política"
"Filosofía","me gusta explorar la filosofía de la ciencia y la sociedad"
"Filosofía","soy hábil en el análisis de la filosofía política y ética"
"Filosofía","me siento cómodo discutiendo sobre la realidad y el ser"
"Filosofía","disfruto estudiando las corrientes filosóficas clásicas y modernas"
"Filosofía","me gusta la filosofía política y la teoría del poder"
"Filosofía","me gusta reflexionar sobre la naturaleza de la mente y la conciencia"
"Filosofía","soy bueno analizando las teorías éticas y morales"
"Filosofía","me gusta la filosofía de la mente y la cognición humana"
"Filosofía","disfruto investigando la filosofía política y social"
"Filosofía","me gusta explorar la filosofía de la ciencia y el conocimiento"
"Filosofía","me siento cómodo discutiendo sobre la moral y la responsabilidad"
"Filosofía","disfruto estudiando las corrientes filosóficas clásicas y contemporáneas"
"Filosofía","me gusta la filosofía política y la teoría del estado"
"Filosofía","me gusta reflexionar sobre la naturaleza del conocimiento y la verdad"
"Filosofía","soy bueno analizando las teorías éticas y de justicia"
"Filosofía","me gusta la filosofía de la mente y la teoría de la conciencia"
"Filosofía","disfruto investigando la filosofía política y la economía"
"Filosofía","me gusta explorar la filosofía de la ciencia y la naturaleza del universo"
"Filosofía","soy hábil en el análisis de la filosofía de la mente y la percepción"
"Filosofía","me siento cómodo discutiendo sobre la existencia y el ser"
"Filosofía","disfruto estudiando las corrientes filosóficas clásicas y contemporáneas"
"Filosofía","me gusta la filosofía política y la teoría de la justicia"
"Filosofía","me gusta reflexionar sobre la naturaleza de la realidad y la mente"
"Filosofía","soy bueno analizando las teorías éticas y morales contemporáneas"
"Filosofía","me gusta la filosofía de la mente y la naturaleza de la conciencia"
"Filosofía","disfruto investigando la filosofía política y la sociedad"
"Filosofía","me gusta explorar la filosofía de la ciencia y la ética"
"Filosofía","soy hábil en el análisis de la filosofía política y el poder"
"Filosofía","me siento cómodo discutiendo sobre la moral y la responsabilidad humana"
"Filosofía","disfruto estudiando las corrientes filosóficas clásicas y modernas"
"Filosofía","me gusta la filosofía política y la teoría del bienestar"
"Filosofía","me gusta reflexionar sobre la naturaleza de la mente y la realidad"
"Filosofía","soy bueno analizando las teorías éticas y morales contemporáneas"
"Filosofía","me gusta la filosofía de la mente y la conciencia humana"
"Filosofía","disfruto investigando la filosofía política y la filosofía social"
"Filosofía","me gusta explorar la filosofía de la ciencia y la epistemología"
"Filosofía","soy hábil en el análisis de la filosofía política y la justicia social"
"Filosofía","me siento cómodo discutiendo sobre la realidad y el conocimiento"
"Filosofía","disfruto estudiando las corrientes filosóficas clásicas y contemporáneas"
"Filosofía","me gusta la filosofía política y la teoría del poder político"
"Filosofía","me gusta reflexionar sobre la naturaleza de la mente y la cognición"
"Filosofía","soy bueno analizando las teorías éticas y morales contemporáneas"
"Filosofía","me gusta la filosofía de la mente y la percepción humana"
"Filosofía","disfruto investigando la filosofía política y la filosofía de la cultura"
"Filosofía","soy hábil en el análisis de la filosofía política y la filosofía moral"
"Filosofía","me siento cómodo discutiendo sobre la moral y la responsabilidad ética"
"Filosofía","disfruto estudiando las corrientes filosóficas clásicas y modernas"
"Pedagogía","disfruto enseñando a niños y adolescentes"
"Pedagogía","me gusta el desarrollo del aprendizaje"
"Pedagogía","soy bueno en la planificación de clases"
"Pedagogía","me gusta trabajar con métodos educativos innovadores"
"Pedagogía","disfruto diseñando material didáctico interactivo"
"Pedagogía","soy hábil en la evaluación del progreso educativo"
"Pedagogía","me gusta el estudio de la psicología educativa"
"Pedagogía","me gusta fomentar la inclusión en el aula"
"Pedagogía","disfruto trabajando con estudiantes con necesidades especiales"
"Pedagogía","soy bueno en el diseño de planes de estudio"
"Pedagogía","me gusta promover la educación basada en valores"
"Pedagogía","me siento cómodo dando clases de educación física"
"Pedagogía","soy hábil en la implementación de tecnología educativa"
"Pedagogía","me gusta el análisis del rendimiento académico"
"Pedagogía","me gusta impulsar la creatividad en el aula"
"Pedagogía","disfruto trabajando en proyectos de educación ambiental"
"Pedagogía","soy bueno en la resolución de conflictos en el ámbito educativo"
"Pedagogía","me gusta fomentar la lectura y la escritura"
"Pedagogía","me siento cómodo enseñando matemáticas"
"Pedagogía","soy hábil en la orientación vocacional"
"Pedagogía","me gusta la formación de líderes juveniles"
"Pedagogía","me gusta trabajar en proyectos de educación intercultural"
"Pedagogía","disfruto diseñando actividades lúdicas para el aprendizaje"
"Pedagogía","soy bueno en la gestión de programas educativos"
"Pedagogía","me gusta enseñar ciencias de forma práctica y experimental"
"Pedagogía","me siento cómodo impartiendo educación a distancia"
"Pedagogía","soy hábil en el uso de herramientas de evaluación educativa"
"Pedagogía","me gusta el estudio de la neurociencia y el aprendizaje"
"Pedagogía","me gusta promover la educación inclusiva"
"Pedagogía","disfruto trabajando en proyectos de educación social"
"Pedagogía","soy bueno en el diseño de estrategias didácticas"
"Pedagogía","me gusta fomentar la educación para la paz"
"Pedagogía","me siento cómodo enseñando arte y cultura"
"Pedagogía","soy hábil en el uso de recursos educativos digitales"
"Pedagogía","me gusta la formación integral de los estudiantes"
"Pedagogía","me gusta trabajar en proyectos de educación para la salud"
"Pedagogía","disfruto diseñando actividades para el desarrollo emocional"
"Pedagogía","soy bueno en la enseñanza de idiomas extranjeros"
"Pedagogía","me gusta promover la educación en derechos humanos"
"Pedagogía","me siento cómodo enseñando historia y cultura"
"Pedagogía","soy hábil en el uso de recursos tecnológicos en el aula"
"Pedagogía","me gusta el estudio de la pedagogía crítica"
"Pedagogía","me gusta trabajar en proyectos de educación para la sostenibilidad"
"Pedagogía","disfruto diseñando estrategias para motivar a los estudiantes"
"Pedagogía","soy bueno en la gestión de la convivencia escolar"
"Pedagogía","me gusta fomentar el pensamiento crítico y reflexivo"
"Pedagogía","me siento cómodo enseñando habilidades sociales"
"Pedagogía","soy hábil en la implementación de proyectos de educación artística"
"Pedagogía","me gusta la formación en valores éticos"
"Pedagogía","me gusta promover la educación para la ciudadanía"
"Pedagogía","disfruto trabajando en proyectos de educación comunitaria"
"Pedagogía","soy bueno en la enseñanza de ciencias sociales"
"Pedagogía","me gusta fomentar el trabajo en equipo y la colaboración"
"Pedagogía","me siento cómodo enseñando educación cívica"
"Pedagogía","soy hábil en el uso de metodologías activas en el aula"
"Pedagogía","me gusta el estudio de la diversidad en el ámbito educativo"
"Pedagogía","me gusta trabajar en proyectos de educación para la igualdad de género"
"Pedagogía","disfruto diseñando actividades para el desarrollo físico y deportivo"
"Pedagogía","soy bueno en la gestión de proyectos de educación social"
"Pedagogía","me gusta promover la educación para la prevención de la violencia"
"Pedagogía","me siento cómodo enseñando educación ambiental"
"Pedagogía","soy hábil en el uso de herramientas tecnológicas para el aprendizaje"
"Pedagogía","me gusta el estudio de la didáctica y metodología educativa"
"Pedagogía","me gusta trabajar en proyectos de educación para la salud mental"
"Pedagogía","disfruto diseñando estrategias para la educación emocional"
"Pedagogía","soy bueno en la enseñanza de música y expresión artística"
"Pedagogía","me gusta promover la educación para la sostenibilidad ambiental"
"Pedagogía","me siento cómodo enseñando educación sexual"
"Pedagogía","soy hábil en el uso de recursos multimedia en el aula"
"Pedagogía","me gusta el estudio de la psicopedagogía"
"Pedagogía","me gusta trabajar en proyectos de educación para la inclusión social"
"Pedagogía","disfruto diseñando actividades para el desarrollo cognitivo"
"Pedagogía","soy bueno en la gestión de proyectos educativos interdisciplinarios"
"Pedagogía","me gusta promover la educación para la prevención de adicciones"
"Pedagogía","me siento cómodo enseñando educación para la paz"
"Pedagogía","me gusta el estudio de la pedagogía constructivista"
"Pedagogía","me gusta trabajar en proyectos de educación para la responsabilidad social"
"Pedagogía","disfruto diseñando estrategias para la educación intercultural"
"Pedagogía","soy bueno en la enseñanza de educación para la salud"
"Pedagogía","me gusta promover la educación para la ciudadanía global"
"Pedagogía","me siento cómodo enseñando educación física"
"Pedagogía","soy hábil en el uso de recursos educativos digitales en el aula"
"Pedagogía","me gusta el estudio de la pedagogía humanista"
"Pedagogía","me gusta trabajar en proyectos de educación para la diversidad cultural"
"Pedagogía","disfruto diseñando actividades para el desarrollo socioemocional"
"Pedagogía","soy bueno en la gestión de proyectos educativos inclusivos"
"Pedagogía","me gusta promover la educación para la equidad de género"
"Pedagogía","me siento cómodo enseñando educación cívica"
"Pedagogía","soy hábil en el uso de metodologías participativas en el aula"
"Pedagogía","me gusta el estudio de la pedagogía liberadora"
"Pedagogía","me gusta trabajar en proyectos de educación para la prevención del bullying"
"Pedagogía","disfruto diseñando estrategias para la educación en valores"
"Pedagogía","soy bueno en la enseñanza de educación para la sostenibilidad ambiental"
"Pedagogía","me gusta promover la educación para la prevención de enfermedades"
"Pedagogía","me siento cómodo enseñando educación emocional"
"Pedagogía","soy hábil en el uso de recursos tecnológicos para el aprendizaje"
"Pedagogía","me gusta el estudio de la pedagogía social"
"Pedagogía","me gusta trabajar en proyectos de educación para la promoción de la cultura"
"Pedagogía","disfruto diseñando actividades para el desarrollo motriz"
"Pedagogía","soy bueno en la gestión de proyectos educativos comunitarios"
"Pedagogía","me gusta promover la educación para la prevención de accidentes"
"Pedagogía","me siento cómodo enseñando educación artística"
"Pedagogía","soy hábil en el uso de herramientas de evaluación en el aula"
"Pedagogía","me gusta el estudio de la pedagogía cognitiva"
"Pedagogía","disfruto diseñando estrategias para la educación intergeneracional"
"Pedagogía","soy bueno en la enseñanza de educación para la prevención de drogas"
"Pedagogía","me gusta promover la educación para la prevención de la obesidad"
"Pedagogía","me siento cómodo enseñando educación para la ciudadanía"
"Pedagogía","soy hábil en el uso de recursos multimedia para el aprendizaje"
"Pedagogía","me gusta el estudio de la pedagogía sociocultural"
"Pedagogía","me gusta trabajar en proyectos de educación para la igualdad social"
"Pedagogía","disfruto diseñando actividades para el desarrollo afectivo"
"Pedagogía","soy bueno en la gestión de proyectos educativos culturales"
"Pedagogía","me gusta promover la educación para la prevención de enfermedades mentales"
"Pedagogía","me siento cómodo enseñando educación para la salud"
"Pedagogía","soy hábil en el uso de tecnología educativa para el aprendizaje a distancia"
"Pedagogía","me gusta el estudio de la pedagogía crítico-transformadora"
"Pedagogía","me gusta trabajar en proyectos de educación para la convivencia pacífica"
"Pedagogía","disfruto diseñando estrategias para la educación en derechos humanos"
"Pedagogía","soy bueno en la enseñanza de educación para la prevención del acoso escolar"
"Pedagogía","me gusta promover la educación para la prevención de enfermedades contagiosas"
"Pedagogía","me siento cómodo enseñando educación para la convivencia"
"Pedagogía","soy hábil en el uso de metodologías activas para el aprendizaje significativo"
"Pedagogía","me gusta el estudio de la pedagogía de la diversidad"
"Educación","disfruto enseñando a estudiantes de todas las edades"
"Educación","me gusta el proceso de aprendizaje"
"Educación","soy bueno adaptando métodos de enseñanza"
"Educación","me gusta utilizar tecnología en el aula"
"Educación","disfruto fomentando el pensamiento crítico"
"Educación","soy hábil en la planificación de clases interactivas"
"Educación","me interesa la psicología educativa"
"Educación","soy bueno motivando a mis estudiantes"
"Educación","me gusta crear materiales didácticos creativos"
"Educación","disfruto promoviendo la inclusión en el aula"
"Educación","soy hábil en la evaluación del rendimiento académico"
"Educación","me gusta la educación a distancia"
"Educación","me gusta trabajar en proyectos de educación social"
"Educación","soy bueno resolviendo desafíos educativos"
"Educación","me interesa la pedagogía y didáctica"
"Educación","disfruto colaborando con otros educadores"
"Educación","soy hábil en el diseño de planes de estudio"
"Educación","me gusta la educación especial"
"Educación","me gusta promover la lectura en los estudiantes"
"Educación","soy bueno en la enseñanza de idiomas"
"Educación","disfruto creando ambientes de aprendizaje estimulantes"
"Educación","me interesa la formación docente"
"Educación","soy hábil en la mediación de conflictos en el aula"
"Educación","me gusta promover la educación ambiental"
"Educación","me gusta la enseñanza de ciencias"
"Educación","disfruto fomentando la creatividad en mis alumnos"
"Educación","soy bueno en la incorporación de nuevas tecnologías educativas"
"Educación","me gusta trabajar en proyectos de educación inclusiva"
"Educación","soy hábil en la gestión de aulas virtuales"
"Educación","me interesa la investigación en educación"
"Educación","disfruto promoviendo la educación emocional"
"Educación","me gusta la enseñanza de matemáticas"
"Educación","me gusta trabajar en proyectos de educación en contextos vulnerables"
"Educación","soy bueno en la enseñanza de historia y cultura"
"Educación","disfruto fomentando la resolución de problemas en los estudiantes"
"Educación","soy hábil en la adaptación curricular para necesidades especiales"
"Educación","me gusta promover la educación cívica y ciudadana"
"Educación","me gusta la enseñanza de arte y creatividad"
"Educación","disfruto trabajando en proyectos de educación bilingüe"
"Educación","soy bueno en la enseñanza de educación física"
"Educación","me interesa la educación en contextos multiculturales"
"Educación","me gusta trabajar en proyectos de educación en línea"
"Educación","soy hábil en la promoción de valores en el aula"
"Educación","me gusta la enseñanza de literatura y escritura"
"Educación","disfruto fomentando la educación sexual y afectiva"
"Educación","me gusta trabajar en proyectos de educación para la paz"
"Educación","soy bueno en la enseñanza de tecnología e informática"
"Educación","me interesa la educación en primera infancia"
"Educación","me gusta la enseñanza de música y expresión artística"
"Educación","disfruto promoviendo la educación en valores ambientales"
"Educación","me gusta trabajar en proyectos de educación para la salud"
"Educación","soy bueno en la enseñanza de ciencias sociales"
"Educación","me interesa la educación para la ciudadanía global"
"Educación","disfruto fomentando la participación activa de los estudiantes en el aula"
"Educación","me gusta la enseñanza de lenguas extranjeras"
"Educación","me gusta trabajar en proyectos de educación para la sostenibilidad"
"Educación","soy hábil en la incorporación de metodologías activas en el aula"
"Educación","me interesa la educación en derechos humanos"
"Educación","disfruto promoviendo la educación financiera en los estudiantes"
"Educación","soy bueno en la enseñanza de educación ética y ciudadana"
"Educación","me gusta trabajar en proyectos de educación para la diversidad cultural"
"Educación","me gusta la enseñanza de tecnología educativa"
"Educación","disfruto fomentando la educación para la prevención del acoso escolar"
"Educación","soy hábil en la integración de habilidades digitales en el currículo"
"Educación","me gusta trabajar en proyectos de educación para la igualdad de género"
"Educación","me interesa la educación para la ciudadanía digital"
"Educación","disfruto promoviendo la educación para la convivencia pacífica"
"Educación","soy bueno en la enseñanza de habilidades de resolución de conflictos"
"Educación","me gusta la enseñanza de educación para la salud mental"
"Educación","me gusta trabajar en proyectos de educación para el respeto animal"
"Educación","soy hábil en la integración de la inteligencia emocional en el currículo"
"Educación","me interesa la educación para la prevención de adicciones"
"Educación","disfruto promoviendo la educación para la prevención del ciberacoso"
"Educación","soy bueno en la enseñanza de habilidades para la resiliencia"
"Educación","me gusta la enseñanza de educación para la paz"
"Educación","me gusta trabajar en proyectos de educación para la sostenibilidad ambiental"
"Educación","soy hábil en la integración de la educación financiera en el currículo"
"Educación","me interesa la educación para la prevención de la violencia de género"
"Educación","disfruto promoviendo la educación para la promoción de la salud"
"Educación","me gusta la enseñanza de educación sexual y afectiva"
"Educación","me gusta trabajar en proyectos de educación para la inclusión social"
"Educación","soy bueno en la enseñanza de habilidades para la resolución de problemas sociales"
"Educación","me interesa la educación para la prevención del bullying"
"Educación","disfruto promoviendo la educación para la prevención del acoso escolar"
"Educación","soy hábil en la integración de la educación emocional en el currículo"
"Educación","me gusta trabajar en proyectos de educación para la promoción de la igualdad"
"Educación","me gusta la enseñanza de educación para la sostenibilidad"
"Educación","me gusta la educación para la prevención de la violencia en el noviazgo"
"Educación","disfruto promoviendo la educación para el bienestar emocional"
"Educación","soy bueno en la enseñanza de habilidades para la comunicación asertiva"
"Educación","me interesa la educación para la prevención del abuso infantil"
"Educación","me gusta trabajar en proyectos de educación para la promoción de la paz"
"Educación","soy hábil en la integración de la educación ambiental en el currículo"
"Educación","me gusta la enseñanza de educación para el desarrollo sostenible"
"Educación","disfruto promoviendo la educación para el respeto a la diversidad cultural"
"Educación","soy bueno en la enseñanza de habilidades para la resolución de conflictos"
"Educación","me interesa la educación para la prevención del maltrato animal"
"Educación","me gusta la educación para la promoción de la salud mental"
"Educación","disfruto promoviendo la educación para la prevención del consumo de drogas"
"Educación","me gusta la enseñanza de educación para la prevención del cyberbullying"
"Educación","me gusta trabajar en proyectos de educación para la promoción de la igualdad social"
"Educación","soy bueno en la enseñanza de habilidades para la resolución de problemas emocionales"
"Educación","me interesa la educación para la prevención del acoso laboral"
"Educación","disfruto promoviendo la educación para el desarrollo de habilidades sociales"
"Educación","me gusta la educación para la promoción de la convivencia pacífica"
"Educación","me gusta la enseñanza de educación para la igualdad de oportunidades"
"Educación","me gusta trabajar en proyectos de educación para la promoción de la justicia social"
"Educación","me interesa la educación para la prevención del bullying escolar"
"Educación","disfruto promoviendo la educación para el desarrollo de habilidades emocionales"
"Educación","me gusta la educación para la promoción del respeto a los derechos humanos"
"Educación","me gusta la enseñanza de educación para la prevención de la violencia familiar"
"Educación","me interesa la educación para la prevención de la discriminación"
"Educación","disfruto promoviendo la educación para el desarrollo de habilidades comunicativas"
"Educación","me gusta la educación para la promoción del respeto a la diversidad"
"Educación","soy hábil en la integración de la educación para la sostenibilidad en el currículo"
"Educación","me gusta la enseñanza de educación para la prevención del maltrato infantil"
"Educación","me gusta trabajar en proyectos de educación para la promoción de la paz social"
"Educación","me interesa la educación para la prevención del acoso escolar y ciberacoso"
"Educación","disfruto promoviendo la educación para el desarrollo de habilidades digitales"
"Educación","me gusta la educación para la promoción de la salud emocional"
"Educación","soy hábil en la integración de la educación para la igualdad social en el currículo"
"Educación","me gusta la enseñanza de educación para la prevención de la violencia de género"
"Educación","me gusta trabajar en proyectos de educación para la promoción de la justicia"
"Educación","soy bueno en la enseñanza de habilidades para la resolución de conflictos sociales"
"Educación","me interesa la educación para la prevención del maltrato animal y ambiental"
"Educación","me gusta la educación para la promoción del respeto y la tolerancia"
"Educación","me gusta la enseñanza de educación para la prevención del cyberbullying escolar"
"Educación","me interesa la educación para la prevención del acoso laboral y escolar"

